split_strategy,representation,model,validation_fold,train_rows,validation_rows,true_label,predicted_label,count
grouped,combined,logistic_regression_balanced,1,26295,8765,age,age,1546
grouped,combined,logistic_regression_balanced,1,26295,8765,age,ethnicity,0
grouped,combined,logistic_regression_balanced,1,26295,8765,age,gender,2
grouped,combined,logistic_regression_balanced,1,26295,8765,age,not_cyberbullying,30
grouped,combined,logistic_regression_balanced,1,26295,8765,age,other_cyberbullying,13
grouped,combined,logistic_regression_balanced,1,26295,8765,age,religion,1
grouped,combined,logistic_regression_balanced,1,26295,8765,ethnicity,age,1
grouped,combined,logistic_regression_balanced,1,26295,8765,ethnicity,ethnicity,1550
grouped,combined,logistic_regression_balanced,1,26295,8765,ethnicity,gender,1
grouped,combined,logistic_regression_balanced,1,26295,8765,ethnicity,not_cyberbullying,7
grouped,combined,logistic_regression_balanced,1,26295,8765,ethnicity,other_cyberbullying,22
grouped,combined,logistic_regression_balanced,1,26295,8765,ethnicity,religion,3
grouped,combined,logistic_regression_balanced,1,26295,8765,gender,age,2
grouped,combined,logistic_regression_balanced,1,26295,8765,gender,ethnicity,1
grouped,combined,logistic_regression_balanced,1,26295,8765,gender,gender,1283
grouped,combined,logistic_regression_balanced,1,26295,8765,gender,not_cyberbullying,132
grouped,combined,logistic_regression_balanced,1,26295,8765,gender,other_cyberbullying,100
grouped,combined,logistic_regression_balanced,1,26295,8765,gender,religion,4
grouped,combined,logistic_regression_balanced,1,26295,8765,not_cyberbullying,age,32
grouped,combined,logistic_regression_balanced,1,26295,8765,not_cyberbullying,ethnicity,8
grouped,combined,logistic_regression_balanced,1,26295,8765,not_cyberbullying,gender,46
grouped,combined,logistic_regression_balanced,1,26295,8765,not_cyberbullying,not_cyberbullying,872
grouped,combined,logistic_regression_balanced,1,26295,8765,not_cyberbullying,other_cyberbullying,254
grouped,combined,logistic_regression_balanced,1,26295,8765,not_cyberbullying,religion,50
grouped,combined,logistic_regression_balanced,1,26295,8765,other_cyberbullying,age,11
grouped,combined,logistic_regression_balanced,1,26295,8765,other_cyberbullying,ethnicity,6
grouped,combined,logistic_regression_balanced,1,26295,8765,other_cyberbullying,gender,39
grouped,combined,logistic_regression_balanced,1,26295,8765,other_cyberbullying,not_cyberbullying,186
grouped,combined,logistic_regression_balanced,1,26295,8765,other_cyberbullying,other_cyberbullying,966
grouped,combined,logistic_regression_balanced,1,26295,8765,other_cyberbullying,religion,1
grouped,combined,logistic_regression_balanced,1,26295,8765,religion,age,1
grouped,combined,logistic_regression_balanced,1,26295,8765,religion,ethnicity,0
grouped,combined,logistic_regression_balanced,1,26295,8765,religion,gender,2
grouped,combined,logistic_regression_balanced,1,26295,8765,religion,not_cyberbullying,47
grouped,combined,logistic_regression_balanced,1,26295,8765,religion,other_cyberbullying,22
grouped,combined,logistic_regression_balanced,1,26295,8765,religion,religion,1524
grouped,combined,logistic_regression_balanced,2,26295,8765,age,age,1550
grouped,combined,logistic_regression_balanced,2,26295,8765,age,ethnicity,1
grouped,combined,logistic_regression_balanced,2,26295,8765,age,gender,2
grouped,combined,logistic_regression_balanced,2,26295,8765,age,not_cyberbullying,17
grouped,combined,logistic_regression_balanced,2,26295,8765,age,other_cyberbullying,20
grouped,combined,logistic_regression_balanced,2,26295,8765,age,religion,2
grouped,combined,logistic_regression_balanced,2,26295,8765,ethnicity,age,0
grouped,combined,logistic_regression_balanced,2,26295,8765,ethnicity,ethnicity,1556
grouped,combined,logistic_regression_balanced,2,26295,8765,ethnicity,gender,2
grouped,combined,logistic_regression_balanced,2,26295,8765,ethnicity,not_cyberbullying,12
grouped,combined,logistic_regression_balanced,2,26295,8765,ethnicity,other_cyberbullying,12
grouped,combined,logistic_regression_balanced,2,26295,8765,ethnicity,religion,2
grouped,combined,logistic_regression_balanced,2,26295,8765,gender,age,4
grouped,combined,logistic_regression_balanced,2,26295,8765,gender,ethnicity,0
grouped,combined,logistic_regression_balanced,2,26295,8765,gender,gender,1292
grouped,combined,logistic_regression_balanced,2,26295,8765,gender,not_cyberbullying,104
grouped,combined,logistic_regression_balanced,2,26295,8765,gender,other_cyberbullying,114
grouped,combined,logistic_regression_balanced,2,26295,8765,gender,religion,8
grouped,combined,logistic_regression_balanced,2,26295,8765,not_cyberbullying,age,42
grouped,combined,logistic_regression_balanced,2,26295,8765,not_cyberbullying,ethnicity,8
grouped,combined,logistic_regression_balanced,2,26295,8765,not_cyberbullying,gender,53
grouped,combined,logistic_regression_balanced,2,26295,8765,not_cyberbullying,not_cyberbullying,842
grouped,combined,logistic_regression_balanced,2,26295,8765,not_cyberbullying,other_cyberbullying,275
grouped,combined,logistic_regression_balanced,2,26295,8765,not_cyberbullying,religion,43
grouped,combined,logistic_regression_balanced,2,26295,8765,other_cyberbullying,age,11
grouped,combined,logistic_regression_balanced,2,26295,8765,other_cyberbullying,ethnicity,7
grouped,combined,logistic_regression_balanced,2,26295,8765,other_cyberbullying,gender,45
grouped,combined,logistic_regression_balanced,2,26295,8765,other_cyberbullying,not_cyberbullying,182
grouped,combined,logistic_regression_balanced,2,26295,8765,other_cyberbullying,other_cyberbullying,955
grouped,combined,logistic_regression_balanced,2,26295,8765,other_cyberbullying,religion,9
grouped,combined,logistic_regression_balanced,2,26295,8765,religion,age,0
grouped,combined,logistic_regression_balanced,2,26295,8765,religion,ethnicity,1
grouped,combined,logistic_regression_balanced,2,26295,8765,religion,gender,3
grouped,combined,logistic_regression_balanced,2,26295,8765,religion,not_cyberbullying,64
grouped,combined,logistic_regression_balanced,2,26295,8765,religion,other_cyberbullying,25
grouped,combined,logistic_regression_balanced,2,26295,8765,religion,religion,1502
grouped,combined,logistic_regression_balanced,3,26295,8765,age,age,1561
grouped,combined,logistic_regression_balanced,3,26295,8765,age,ethnicity,2
grouped,combined,logistic_regression_balanced,3,26295,8765,age,gender,0
grouped,combined,logistic_regression_balanced,3,26295,8765,age,not_cyberbullying,16
grouped,combined,logistic_regression_balanced,3,26295,8765,age,other_cyberbullying,13
grouped,combined,logistic_regression_balanced,3,26295,8765,age,religion,1
grouped,combined,logistic_regression_balanced,3,26295,8765,ethnicity,age,3
grouped,combined,logistic_regression_balanced,3,26295,8765,ethnicity,ethnicity,1560
grouped,combined,logistic_regression_balanced,3,26295,8765,ethnicity,gender,1
grouped,combined,logistic_regression_balanced,3,26295,8765,ethnicity,not_cyberbullying,7
grouped,combined,logistic_regression_balanced,3,26295,8765,ethnicity,other_cyberbullying,13
grouped,combined,logistic_regression_balanced,3,26295,8765,ethnicity,religion,0
grouped,combined,logistic_regression_balanced,3,26295,8765,gender,age,0
grouped,combined,logistic_regression_balanced,3,26295,8765,gender,ethnicity,5
grouped,combined,logistic_regression_balanced,3,26295,8765,gender,gender,1309
grouped,combined,logistic_regression_balanced,3,26295,8765,gender,not_cyberbullying,116
grouped,combined,logistic_regression_balanced,3,26295,8765,gender,other_cyberbullying,87
grouped,combined,logistic_regression_balanced,3,26295,8765,gender,religion,5
grouped,combined,logistic_regression_balanced,3,26295,8765,not_cyberbullying,age,24
grouped,combined,logistic_regression_balanced,3,26295,8765,not_cyberbullying,ethnicity,9
grouped,combined,logistic_regression_balanced,3,26295,8765,not_cyberbullying,gender,53
grouped,combined,logistic_regression_balanced,3,26295,8765,not_cyberbullying,not_cyberbullying,849
grouped,combined,logistic_regression_balanced,3,26295,8765,not_cyberbullying,other_cyberbullying,283
grouped,combined,logistic_regression_balanced,3,26295,8765,not_cyberbullying,religion,45
grouped,combined,logistic_regression_balanced,3,26295,8765,other_cyberbullying,age,20
grouped,combined,logistic_regression_balanced,3,26295,8765,other_cyberbullying,ethnicity,3
grouped,combined,logistic_regression_balanced,3,26295,8765,other_cyberbullying,gender,52
grouped,combined,logistic_regression_balanced,3,26295,8765,other_cyberbullying,not_cyberbullying,187
grouped,combined,logistic_regression_balanced,3,26295,8765,other_cyberbullying,other_cyberbullying,941
grouped,combined,logistic_regression_balanced,3,26295,8765,other_cyberbullying,religion,5
grouped,combined,logistic_regression_balanced,3,26295,8765,religion,age,1
grouped,combined,logistic_regression_balanced,3,26295,8765,religion,ethnicity,1
grouped,combined,logistic_regression_balanced,3,26295,8765,religion,gender,6
grouped,combined,logistic_regression_balanced,3,26295,8765,religion,not_cyberbullying,38
grouped,combined,logistic_regression_balanced,3,26295,8765,religion,other_cyberbullying,13
grouped,combined,logistic_regression_balanced,3,26295,8765,religion,religion,1536
grouped,combined,logistic_regression_balanced,4,26295,8765,age,age,1571
grouped,combined,logistic_regression_balanced,4,26295,8765,age,ethnicity,0
grouped,combined,logistic_regression_balanced,4,26295,8765,age,gender,1
grouped,combined,logistic_regression_balanced,4,26295,8765,age,not_cyberbullying,12
grouped,combined,logistic_regression_balanced,4,26295,8765,age,other_cyberbullying,8
grouped,combined,logistic_regression_balanced,4,26295,8765,age,religion,0
grouped,combined,logistic_regression_balanced,4,26295,8765,ethnicity,age,2
grouped,combined,logistic_regression_balanced,4,26295,8765,ethnicity,ethnicity,1562
grouped,combined,logistic_regression_balanced,4,26295,8765,ethnicity,gender,0
grouped,combined,logistic_regression_balanced,4,26295,8765,ethnicity,not_cyberbullying,5
grouped,combined,logistic_regression_balanced,4,26295,8765,ethnicity,other_cyberbullying,12
grouped,combined,logistic_regression_balanced,4,26295,8765,ethnicity,religion,3
grouped,combined,logistic_regression_balanced,4,26295,8765,gender,age,4
grouped,combined,logistic_regression_balanced,4,26295,8765,gender,ethnicity,2
grouped,combined,logistic_regression_balanced,4,26295,8765,gender,gender,1293
grouped,combined,logistic_regression_balanced,4,26295,8765,gender,not_cyberbullying,105
grouped,combined,logistic_regression_balanced,4,26295,8765,gender,other_cyberbullying,115
grouped,combined,logistic_regression_balanced,4,26295,8765,gender,religion,4
grouped,combined,logistic_regression_balanced,4,26295,8765,not_cyberbullying,age,40
grouped,combined,logistic_regression_balanced,4,26295,8765,not_cyberbullying,ethnicity,8
grouped,combined,logistic_regression_balanced,4,26295,8765,not_cyberbullying,gender,34
grouped,combined,logistic_regression_balanced,4,26295,8765,not_cyberbullying,not_cyberbullying,833
grouped,combined,logistic_regression_balanced,4,26295,8765,not_cyberbullying,other_cyberbullying,291
grouped,combined,logistic_regression_balanced,4,26295,8765,not_cyberbullying,religion,57
grouped,combined,logistic_regression_balanced,4,26295,8765,other_cyberbullying,age,15
grouped,combined,logistic_regression_balanced,4,26295,8765,other_cyberbullying,ethnicity,6
grouped,combined,logistic_regression_balanced,4,26295,8765,other_cyberbullying,gender,48
grouped,combined,logistic_regression_balanced,4,26295,8765,other_cyberbullying,not_cyberbullying,187
grouped,combined,logistic_regression_balanced,4,26295,8765,other_cyberbullying,other_cyberbullying,944
grouped,combined,logistic_regression_balanced,4,26295,8765,other_cyberbullying,religion,8
grouped,combined,logistic_regression_balanced,4,26295,8765,religion,age,2
grouped,combined,logistic_regression_balanced,4,26295,8765,religion,ethnicity,1
grouped,combined,logistic_regression_balanced,4,26295,8765,religion,gender,7
grouped,combined,logistic_regression_balanced,4,26295,8765,religion,not_cyberbullying,40
grouped,combined,logistic_regression_balanced,4,26295,8765,religion,other_cyberbullying,20
grouped,combined,logistic_regression_balanced,4,26295,8765,religion,religion,1525
random_stratified,combined,logistic_regression_balanced,1,26295,8765,age,age,1556
random_stratified,combined,logistic_regression_balanced,1,26295,8765,age,ethnicity,2
random_stratified,combined,logistic_regression_balanced,1,26295,8765,age,gender,1
random_stratified,combined,logistic_regression_balanced,1,26295,8765,age,not_cyberbullying,19
random_stratified,combined,logistic_regression_balanced,1,26295,8765,age,other_cyberbullying,13
random_stratified,combined,logistic_regression_balanced,1,26295,8765,age,religion,1
random_stratified,combined,logistic_regression_balanced,1,26295,8765,ethnicity,age,5
random_stratified,combined,logistic_regression_balanced,1,26295,8765,ethnicity,ethnicity,1551
random_stratified,combined,logistic_regression_balanced,1,26295,8765,ethnicity,gender,2
random_stratified,combined,logistic_regression_balanced,1,26295,8765,ethnicity,not_cyberbullying,11
random_stratified,combined,logistic_regression_balanced,1,26295,8765,ethnicity,other_cyberbullying,14
random_stratified,combined,logistic_regression_balanced,1,26295,8765,ethnicity,religion,1
random_stratified,combined,logistic_regression_balanced,1,26295,8765,gender,age,3
random_stratified,combined,logistic_regression_balanced,1,26295,8765,gender,ethnicity,0
random_stratified,combined,logistic_regression_balanced,1,26295,8765,gender,gender,1335
random_stratified,combined,logistic_regression_balanced,1,26295,8765,gender,not_cyberbullying,103
random_stratified,combined,logistic_regression_balanced,1,26295,8765,gender,other_cyberbullying,75
random_stratified,combined,logistic_regression_balanced,1,26295,8765,gender,religion,6
random_stratified,combined,logistic_regression_balanced,1,26295,8765,not_cyberbullying,age,37
random_stratified,combined,logistic_regression_balanced,1,26295,8765,not_cyberbullying,ethnicity,7
random_stratified,combined,logistic_regression_balanced,1,26295,8765,not_cyberbullying,gender,41
random_stratified,combined,logistic_regression_balanced,1,26295,8765,not_cyberbullying,not_cyberbullying,851
random_stratified,combined,logistic_regression_balanced,1,26295,8765,not_cyberbullying,other_cyberbullying,278
random_stratified,combined,logistic_regression_balanced,1,26295,8765,not_cyberbullying,religion,49
random_stratified,combined,logistic_regression_balanced,1,26295,8765,other_cyberbullying,age,11
random_stratified,combined,logistic_regression_balanced,1,26295,8765,other_cyberbullying,ethnicity,6
random_stratified,combined,logistic_regression_balanced,1,26295,8765,other_cyberbullying,gender,51
random_stratified,combined,logistic_regression_balanced,1,26295,8765,other_cyberbullying,not_cyberbullying,191
random_stratified,combined,logistic_regression_balanced,1,26295,8765,other_cyberbullying,other_cyberbullying,944
random_stratified,combined,logistic_regression_balanced,1,26295,8765,other_cyberbullying,religion,5
random_stratified,combined,logistic_regression_balanced,1,26295,8765,religion,age,1
random_stratified,combined,logistic_regression_balanced,1,26295,8765,religion,ethnicity,0
random_stratified,combined,logistic_regression_balanced,1,26295,8765,religion,gender,7
random_stratified,combined,logistic_regression_balanced,1,26295,8765,religion,not_cyberbullying,61
random_stratified,combined,logistic_regression_balanced,1,26295,8765,religion,other_cyberbullying,13
random_stratified,combined,logistic_regression_balanced,1,26295,8765,religion,religion,1514
random_stratified,combined,logistic_regression_balanced,2,26295,8765,age,age,1548
random_stratified,combined,logistic_regression_balanced,2,26295,8765,age,ethnicity,1
random_stratified,combined,logistic_regression_balanced,2,26295,8765,age,gender,2
random_stratified,combined,logistic_regression_balanced,2,26295,8765,age,not_cyberbullying,20
random_stratified,combined,logistic_regression_balanced,2,26295,8765,age,other_cyberbullying,19
random_stratified,combined,logistic_regression_balanced,2,26295,8765,age,religion,2
random_stratified,combined,logistic_regression_balanced,2,26295,8765,ethnicity,age,0
random_stratified,combined,logistic_regression_balanced,2,26295,8765,ethnicity,ethnicity,1556
random_stratified,combined,logistic_regression_balanced,2,26295,8765,ethnicity,gender,2
random_stratified,combined,logistic_regression_balanced,2,26295,8765,ethnicity,not_cyberbullying,9
random_stratified,combined,logistic_regression_balanced,2,26295,8765,ethnicity,other_cyberbullying,16
random_stratified,combined,logistic_regression_balanced,2,26295,8765,ethnicity,religion,1
random_stratified,combined,logistic_regression_balanced,2,26295,8765,gender,age,2
random_stratified,combined,logistic_regression_balanced,2,26295,8765,gender,ethnicity,1
random_stratified,combined,logistic_regression_balanced,2,26295,8765,gender,gender,1295
random_stratified,combined,logistic_regression_balanced,2,26295,8765,gender,not_cyberbullying,102
random_stratified,combined,logistic_regression_balanced,2,26295,8765,gender,other_cyberbullying,121
random_stratified,combined,logistic_regression_balanced,2,26295,8765,gender,religion,1
random_stratified,combined,logistic_regression_balanced,2,26295,8765,not_cyberbullying,age,23
random_stratified,combined,logistic_regression_balanced,2,26295,8765,not_cyberbullying,ethnicity,13
random_stratified,combined,logistic_regression_balanced,2,26295,8765,not_cyberbullying,gender,47
random_stratified,combined,logistic_regression_balanced,2,26295,8765,not_cyberbullying,not_cyberbullying,838
random_stratified,combined,logistic_regression_balanced,2,26295,8765,not_cyberbullying,other_cyberbullying,286
random_stratified,combined,logistic_regression_balanced,2,26295,8765,not_cyberbullying,religion,56
random_stratified,combined,logistic_regression_balanced,2,26295,8765,other_cyberbullying,age,14
random_stratified,combined,logistic_regression_balanced,2,26295,8765,other_cyberbullying,ethnicity,5
random_stratified,combined,logistic_regression_balanced,2,26295,8765,other_cyberbullying,gender,37
random_stratified,combined,logistic_regression_balanced,2,26295,8765,other_cyberbullying,not_cyberbullying,194
random_stratified,combined,logistic_regression_balanced,2,26295,8765,other_cyberbullying,other_cyberbullying,955
random_stratified,combined,logistic_regression_balanced,2,26295,8765,other_cyberbullying,religion,4
random_stratified,combined,logistic_regression_balanced,2,26295,8765,religion,age,3
random_stratified,combined,logistic_regression_balanced,2,26295,8765,religion,ethnicity,3
random_stratified,combined,logistic_regression_balanced,2,26295,8765,religion,gender,5
random_stratified,combined,logistic_regression_balanced,2,26295,8765,religion,not_cyberbullying,40
random_stratified,combined,logistic_regression_balanced,2,26295,8765,religion,other_cyberbullying,21
random_stratified,combined,logistic_regression_balanced,2,26295,8765,religion,religion,1523
random_stratified,combined,logistic_regression_balanced,3,26295,8765,age,age,1556
random_stratified,combined,logistic_regression_balanced,3,26295,8765,age,ethnicity,1
random_stratified,combined,logistic_regression_balanced,3,26295,8765,age,gender,0
random_stratified,combined,logistic_regression_balanced,3,26295,8765,age,not_cyberbullying,22
random_stratified,combined,logistic_regression_balanced,3,26295,8765,age,other_cyberbullying,13
random_stratified,combined,logistic_regression_balanced,3,26295,8765,age,religion,0
random_stratified,combined,logistic_regression_balanced,3,26295,8765,ethnicity,age,1
random_stratified,combined,logistic_regression_balanced,3,26295,8765,ethnicity,ethnicity,1558
random_stratified,combined,logistic_regression_balanced,3,26295,8765,ethnicity,gender,0
random_stratified,combined,logistic_regression_balanced,3,26295,8765,ethnicity,not_cyberbullying,8
random_stratified,combined,logistic_regression_balanced,3,26295,8765,ethnicity,other_cyberbullying,14
random_stratified,combined,logistic_regression_balanced,3,26295,8765,ethnicity,religion,3
random_stratified,combined,logistic_regression_balanced,3,26295,8765,gender,age,3
random_stratified,combined,logistic_regression_balanced,3,26295,8765,gender,ethnicity,4
random_stratified,combined,logistic_regression_balanced,3,26295,8765,gender,gender,1276
random_stratified,combined,logistic_regression_balanced,3,26295,8765,gender,not_cyberbullying,129
random_stratified,combined,logistic_regression_balanced,3,26295,8765,gender,other_cyberbullying,100
random_stratified,combined,logistic_regression_balanced,3,26295,8765,gender,religion,10
random_stratified,combined,logistic_regression_balanced,3,26295,8765,not_cyberbullying,age,32
random_stratified,combined,logistic_regression_balanced,3,26295,8765,not_cyberbullying,ethnicity,7
random_stratified,combined,logistic_regression_balanced,3,26295,8765,not_cyberbullying,gender,40
random_stratified,combined,logistic_regression_balanced,3,26295,8765,not_cyberbullying,not_cyberbullying,846
random_stratified,combined,logistic_regression_balanced,3,26295,8765,not_cyberbullying,other_cyberbullying,284
random_stratified,combined,logistic_regression_balanced,3,26295,8765,not_cyberbullying,religion,54
random_stratified,combined,logistic_regression_balanced,3,26295,8765,other_cyberbullying,age,11
random_stratified,combined,logistic_regression_balanced,3,26295,8765,other_cyberbullying,ethnicity,6
random_stratified,combined,logistic_regression_balanced,3,26295,8765,other_cyberbullying,gender,47
random_stratified,combined,logistic_regression_balanced,3,26295,8765,other_cyberbullying,not_cyberbullying,188
random_stratified,combined,logistic_regression_balanced,3,26295,8765,other_cyberbullying,other_cyberbullying,953
random_stratified,combined,logistic_regression_balanced,3,26295,8765,other_cyberbullying,religion,4
random_stratified,combined,logistic_regression_balanced,3,26295,8765,religion,age,2
random_stratified,combined,logistic_regression_balanced,3,26295,8765,religion,ethnicity,0
random_stratified,combined,logistic_regression_balanced,3,26295,8765,religion,gender,6
random_stratified,combined,logistic_regression_balanced,3,26295,8765,religion,not_cyberbullying,47
random_stratified,combined,logistic_regression_balanced,3,26295,8765,religion,other_cyberbullying,21
random_stratified,combined,logistic_regression_balanced,3,26295,8765,religion,religion,1519
random_stratified,combined,logistic_regression_balanced,4,26295,8765,age,age,1564
random_stratified,combined,logistic_regression_balanced,4,26295,8765,age,ethnicity,0
random_stratified,combined,logistic_regression_balanced,4,26295,8765,age,gender,0
random_stratified,combined,logistic_regression_balanced,4,26295,8765,age,not_cyberbullying,16
random_stratified,combined,logistic_regression_balanced,4,26295,8765,age,other_cyberbullying,13
random_stratified,combined,logistic_regression_balanced,4,26295,8765,age,religion,0
random_stratified,combined,logistic_regression_balanced,4,26295,8765,ethnicity,age,1
random_stratified,combined,logistic_regression_balanced,4,26295,8765,ethnicity,ethnicity,1557
random_stratified,combined,logistic_regression_balanced,4,26295,8765,ethnicity,gender,2
random_stratified,combined,logistic_regression_balanced,4,26295,8765,ethnicity,not_cyberbullying,9
random_stratified,combined,logistic_regression_balanced,4,26295,8765,ethnicity,other_cyberbullying,12
random_stratified,combined,logistic_regression_balanced,4,26295,8765,ethnicity,religion,3
random_stratified,combined,logistic_regression_balanced,4,26295,8765,gender,age,2
random_stratified,combined,logistic_regression_balanced,4,26295,8765,gender,ethnicity,3
random_stratified,combined,logistic_regression_balanced,4,26295,8765,gender,gender,1302
random_stratified,combined,logistic_regression_balanced,4,26295,8765,gender,not_cyberbullying,100
random_stratified,combined,logistic_regression_balanced,4,26295,8765,gender,other_cyberbullying,112
random_stratified,combined,logistic_regression_balanced,4,26295,8765,gender,religion,4
random_stratified,combined,logistic_regression_balanced,4,26295,8765,not_cyberbullying,age,36
random_stratified,combined,logistic_regression_balanced,4,26295,8765,not_cyberbullying,ethnicity,9
random_stratified,combined,logistic_regression_balanced,4,26295,8765,not_cyberbullying,gender,38
random_stratified,combined,logistic_regression_balanced,4,26295,8765,not_cyberbullying,not_cyberbullying,856
random_stratified,combined,logistic_regression_balanced,4,26295,8765,not_cyberbullying,other_cyberbullying,288
random_stratified,combined,logistic_regression_balanced,4,26295,8765,not_cyberbullying,religion,35
random_stratified,combined,logistic_regression_balanced,4,26295,8765,other_cyberbullying,age,16
random_stratified,combined,logistic_regression_balanced,4,26295,8765,other_cyberbullying,ethnicity,6
random_stratified,combined,logistic_regression_balanced,4,26295,8765,other_cyberbullying,gender,45
random_stratified,combined,logistic_regression_balanced,4,26295,8765,other_cyberbullying,not_cyberbullying,162
random_stratified,combined,logistic_regression_balanced,4,26295,8765,other_cyberbullying,other_cyberbullying,971
random_stratified,combined,logistic_regression_balanced,4,26295,8765,other_cyberbullying,religion,8
random_stratified,combined,logistic_regression_balanced,4,26295,8765,religion,age,0
random_stratified,combined,logistic_regression_balanced,4,26295,8765,religion,ethnicity,0
random_stratified,combined,logistic_regression_balanced,4,26295,8765,religion,gender,2
random_stratified,combined,logistic_regression_balanced,4,26295,8765,religion,not_cyberbullying,33
random_stratified,combined,logistic_regression_balanced,4,26295,8765,religion,other_cyberbullying,23
random_stratified,combined,logistic_regression_balanced,4,26295,8765,religion,religion,1537
