preprocessing,model,validation_fold,train_rows,validation_rows,label,precision,recall,f1,support
p0,linear_svm,1,26295,8765,age,0.941318814277072,0.9773869346733668,0.9590138674884437,1592
p0,linear_svm,2,26295,8765,age,0.9476248477466505,0.9773869346733668,0.9622758194186766,1592
p0,linear_svm,3,26295,8765,age,0.9542124542124543,0.9811676082862524,0.9675023212627669,1593
p0,linear_svm,4,26295,8765,age,0.9413524835427888,0.9880653266331658,0.9641434262948207,1592
p0,linear_svm,1,26295,8765,ethnicity,0.9656679151061174,0.9766414141414141,0.9711236660389203,1584
p0,linear_svm,2,26295,8765,ethnicity,0.9585396039603961,0.9779040404040404,0.968125,1584
p0,linear_svm,3,26295,8765,ethnicity,0.9706982543640897,0.9829545454545454,0.9767879548306148,1584
p0,linear_svm,4,26295,8765,ethnicity,0.973208722741433,0.9861111111111112,0.9796174349325808,1584
p0,linear_svm,1,26295,8765,gender,0.9019746121297603,0.8403416557161629,0.8700680272108844,1522
p0,linear_svm,2,26295,8765,gender,0.9023545706371191,0.8561103810775296,0.8786244099797708,1522
p0,linear_svm,3,26295,8765,gender,0.9011748445058743,0.8567674113009198,0.8784102391377568,1522
p0,linear_svm,4,26295,8765,gender,0.9033816425120773,0.8594878529218647,0.8808882907133243,1523
p0,linear_svm,1,26295,8765,not_cyberbullying,0.6857654431512982,0.606973058637084,0.6439680538041194,1262
p0,linear_svm,2,26295,8765,not_cyberbullying,0.6669588080631026,0.6025336500395883,0.6331114808652246,1263
p0,linear_svm,3,26295,8765,not_cyberbullying,0.6873889875666075,0.6128266033254157,0.6479698618668899,1263
p0,linear_svm,4,26295,8765,not_cyberbullying,0.6672443674176777,0.6096595407759303,0.6371534960695077,1263
p0,linear_svm,1,26295,8765,other_cyberbullying,0.6661665416354089,0.7344913151364765,0.6986624704956726,1209
p0,linear_svm,2,26295,8765,other_cyberbullying,0.6519721577726219,0.6972704714640199,0.6738609112709832,1209
p0,linear_svm,3,26295,8765,other_cyberbullying,0.6736111111111112,0.722682119205298,0.6972843450479234,1208
p0,linear_svm,4,26295,8765,other_cyberbullying,0.672,0.695364238410596,0.6834825061025224,1208
p0,linear_svm,1,26295,8765,religion,0.9360535931790499,0.9630325814536341,0.9493514515132798,1596
p0,linear_svm,2,26295,8765,religion,0.9312461632903621,0.9510971786833856,0.9410669975186104,1595
p0,linear_svm,3,26295,8765,religion,0.932285368802902,0.9667711598746082,0.9492151431209603,1595
p0,linear_svm,4,26295,8765,religion,0.9339853300733496,0.9579937304075236,0.9458372021046115,1595
p0,logistic_regression,1,26295,8765,age,0.9474327628361858,0.9736180904522613,0.9603469640644362,1592
p0,logistic_regression,2,26295,8765,age,0.952,0.9717336683417085,0.9617656201429904,1592
p0,logistic_regression,3,26295,8765,age,0.9551872314303254,0.9767733835530445,0.9658597144630664,1593
p0,logistic_regression,4,26295,8765,age,0.9423423423423424,0.9855527638190955,0.9634633097942892,1592
p0,logistic_regression,1,26295,8765,ethnicity,0.9666666666666667,0.9703282828282829,0.9684940138626339,1584
p0,logistic_regression,2,26295,8765,ethnicity,0.9654522613065326,0.9703282828282829,0.9678841309823678,1584
p0,logistic_regression,3,26295,8765,ethnicity,0.9674185463659147,0.9747474747474747,0.9710691823899371,1584
p0,logistic_regression,4,26295,8765,ethnicity,0.9760705289672544,0.9785353535353535,0.9773013871374527,1584
p0,logistic_regression,1,26295,8765,gender,0.9237037037037037,0.8193166885676741,0.8683844011142061,1522
p0,logistic_regression,2,26295,8765,gender,0.9126984126984127,0.831143232588699,0.8700137551581844,1522
p0,logistic_regression,3,26295,8765,gender,0.9184549356223176,0.8436268068331143,0.8794520547945206,1522
p0,logistic_regression,4,26295,8765,gender,0.9151559100797679,0.8286277084701248,0.8697450034458993,1523
p0,logistic_regression,1,26295,8765,not_cyberbullying,0.6789473684210526,0.6133122028526149,0.6444629475437136,1262
p0,logistic_regression,2,26295,8765,not_cyberbullying,0.6541095890410958,0.6049089469517023,0.6285479226655697,1263
p0,logistic_regression,3,26295,8765,not_cyberbullying,0.699468085106383,0.6247030878859857,0.6599749058971142,1263
p0,logistic_regression,4,26295,8765,not_cyberbullying,0.6687612208258528,0.5898653998416469,0.6268405553218342,1263
p0,logistic_regression,1,26295,8765,other_cyberbullying,0.6570812365204889,0.7559966914805625,0.703076923076923,1209
p0,logistic_regression,2,26295,8765,other_cyberbullying,0.6451612903225806,0.7113316790736146,0.6766325727773407,1209
p0,logistic_regression,3,26295,8765,other_cyberbullying,0.6763609246830723,0.7508278145695364,0.7116516280894468,1208
p0,logistic_regression,4,26295,8765,other_cyberbullying,0.6449704142011834,0.7218543046357616,0.68125,1208
p0,logistic_regression,1,26295,8765,religion,0.9203860072376358,0.956140350877193,0.9379225568531039,1596
p0,logistic_regression,2,26295,8765,religion,0.9108970499698976,0.94858934169279,0.9293611793611793,1595
p0,logistic_regression,3,26295,8765,religion,0.9163179916317992,0.961128526645768,0.9381884944920441,1595
p0,logistic_regression,4,26295,8765,religion,0.913617276544691,0.954858934169279,0.9337829552421827,1595
p1,linear_svm,1,26295,8765,age,0.9495440729483283,0.9811557788944724,0.9650911337658326,1592
p1,linear_svm,2,26295,8765,age,0.9450151057401812,0.9824120603015075,0.9633507853403142,1592
p1,linear_svm,3,26295,8765,age,0.9534598897734231,0.9774011299435028,0.9652820830750155,1593
p1,linear_svm,4,26295,8765,age,0.9413524835427888,0.9880653266331658,0.9641434262948207,1592
p1,linear_svm,1,26295,8765,ethnicity,0.967601246105919,0.9804292929292929,0.9739730322985262,1584
p1,linear_svm,2,26295,8765,ethnicity,0.9725,0.9823232323232324,0.9773869346733668,1584
p1,linear_svm,3,26295,8765,ethnicity,0.9755944931163955,0.9842171717171717,0.9798868636077939,1584
p1,linear_svm,4,26295,8765,ethnicity,0.974422956955708,0.9861111111111112,0.9802321932852213,1584
p1,linear_svm,1,26295,8765,gender,0.9125177809388336,0.842969776609724,0.8763661202185792,1522
p1,linear_svm,2,26295,8765,gender,0.8988995873452544,0.8587385019710907,0.8783602150537635,1522
p1,linear_svm,3,26295,8765,gender,0.8954423592493298,0.8777923784494087,0.8865295288652952,1522
p1,linear_svm,4,26295,8765,gender,0.9111888111888112,0.855548260013132,0.8824923806298679,1523
p1,linear_svm,1,26295,8765,not_cyberbullying,0.6798964624676446,0.624405705229794,0.650970673275506,1262
p1,linear_svm,2,26295,8765,not_cyberbullying,0.6761819803746655,0.6001583531274742,0.6359060402684564,1263
p1,linear_svm,3,26295,8765,not_cyberbullying,0.6915555555555556,0.615993665874901,0.6515912897822446,1263
p1,linear_svm,4,26295,8765,not_cyberbullying,0.6684539767649688,0.5922406967537609,0.6280436607892528,1263
p1,linear_svm,1,26295,8765,other_cyberbullying,0.6724528301886793,0.7369727047146402,0.7032359905288083,1209
p1,linear_svm,2,26295,8765,other_cyberbullying,0.6537585421412301,0.7121588089330024,0.6817102137767221,1209
p1,linear_svm,3,26295,8765,other_cyberbullying,0.6806853582554517,0.7235099337748344,0.7014446227929374,1208
p1,linear_svm,4,26295,8765,other_cyberbullying,0.6615384615384615,0.7119205298013245,0.6858054226475279,1208
p1,linear_svm,1,26295,8765,religion,0.944,0.9611528822055138,0.9524992238435268,1596
p1,linear_svm,2,26295,8765,religion,0.9381953028430161,0.9517241379310345,0.9449112978524743,1595
p1,linear_svm,3,26295,8765,religion,0.9412124923453766,0.9636363636363636,0.9522924411400248,1595
p1,linear_svm,4,26295,8765,religion,0.9330085261875761,0.9605015673981191,0.946555452579549,1595
p1,logistic_regression,1,26295,8765,age,0.9517998779743746,0.9798994974874372,0.9656453110492108,1592
p1,logistic_regression,2,26295,8765,age,0.9503676470588235,0.9742462311557789,0.9621588089330024,1592
p1,logistic_regression,3,26295,8765,age,0.9577205882352942,0.9811676082862524,0.9693023255813954,1593
p1,logistic_regression,4,26295,8765,age,0.9424460431654677,0.9874371859296482,0.9644171779141104,1592
p1,logistic_regression,1,26295,8765,ethnicity,0.9740834386852086,0.9728535353535354,0.9734680985470625,1584
p1,logistic_regression,2,26295,8765,ethnicity,0.9741976085588421,0.9772727272727273,0.9757327450362433,1584
p1,logistic_regression,3,26295,8765,ethnicity,0.9779319041614124,0.9791666666666666,0.9785488958990536,1584
p1,logistic_regression,4,26295,8765,ethnicity,0.9811083123425692,0.9835858585858586,0.9823455233291298,1584
p1,logistic_regression,1,26295,8765,gender,0.9243323442136498,0.8186596583442839,0.8682926829268293,1522
p1,logistic_regression,2,26295,8765,gender,0.9102564102564102,0.8396846254927727,0.8735475051264525,1522
p1,logistic_regression,3,26295,8765,gender,0.9093444909344491,0.8567674113009198,0.8822733423545331,1522
p1,logistic_regression,4,26295,8765,gender,0.9221341023792358,0.8397898883782009,0.8790378006872852,1523
p1,logistic_regression,1,26295,8765,not_cyberbullying,0.6770293609671848,0.6212361331220285,0.6479338842975206,1262
p1,logistic_regression,2,26295,8765,not_cyberbullying,0.6735057983942908,0.5977830562153602,0.6333892617449665,1263
p1,logistic_regression,3,26295,8765,not_cyberbullying,0.7065120428189117,0.6270783847980997,0.6644295302013423,1263
p1,logistic_regression,4,26295,8765,not_cyberbullying,0.6773017319963537,0.5882818685669042,0.6296610169491526,1263
p1,logistic_regression,1,26295,8765,other_cyberbullying,0.6564285714285715,0.760132340777502,0.7044844768110388,1209
p1,logistic_regression,2,26295,8765,other_cyberbullying,0.6483754512635379,0.7427626137303557,0.69236700077101,1209
p1,logistic_regression,3,26295,8765,other_cyberbullying,0.6699101796407185,0.7408940397350994,0.7036163522012578,1208
p1,logistic_regression,4,26295,8765,other_cyberbullying,0.6467153284671533,0.7334437086092715,0.6873545384018619,1208
p1,logistic_regression,1,26295,8765,religion,0.9346764346764347,0.9592731829573935,0.9468150896722325,1596
p1,logistic_regression,2,26295,8765,religion,0.923500611995104,0.9460815047021943,0.9346546918550634,1595
p1,logistic_regression,3,26295,8765,religion,0.9251207729468599,0.9605015673981191,0.9424792371577976,1595
p1,logistic_regression,4,26295,8765,religion,0.9244712990936556,0.9592476489028213,0.9415384615384615,1595
p2,linear_svm,1,26295,8765,age,0.948019801980198,0.9623115577889447,0.9551122194513716,1592
p2,linear_svm,2,26295,8765,age,0.9496004917025199,0.9704773869346733,0.9599254426840633,1592
p2,linear_svm,3,26295,8765,age,0.9537892791127541,0.9717514124293786,0.9626865671641791,1593
p2,linear_svm,4,26295,8765,age,0.9510403916768666,0.9761306532663316,0.9634221946683199,1592
p2,linear_svm,1,26295,8765,ethnicity,0.9699059561128527,0.9766414141414141,0.9732620320855615,1584
p2,linear_svm,2,26295,8765,ethnicity,0.9730576441102757,0.9804292929292929,0.9767295597484277,1584
p2,linear_svm,3,26295,8765,ethnicity,0.9671419714817111,0.9848484848484849,0.9759149202377229,1584
p2,linear_svm,4,26295,8765,ethnicity,0.9701492537313433,0.9848484848484849,0.9774436090225563,1584
p2,linear_svm,1,26295,8765,gender,0.9052333804809052,0.8409986859395532,0.8719346049046321,1522
p2,linear_svm,2,26295,8765,gender,0.8969072164948454,0.8574244415243101,0.8767215317433658,1522
p2,linear_svm,3,26295,8765,gender,0.8918558077436582,0.8777923784494087,0.8847682119205298,1522
p2,linear_svm,4,26295,8765,gender,0.9011748445058743,0.8562048588312541,0.8781144781144781,1523
p2,linear_svm,1,26295,8765,not_cyberbullying,0.6588037068239259,0.6196513470681458,0.6386280114332381,1262
p2,linear_svm,2,26295,8765,not_cyberbullying,0.666077738515901,0.5969912905779889,0.6296450939457202,1263
p2,linear_svm,3,26295,8765,not_cyberbullying,0.6781411359724613,0.6239113222486145,0.6498969072164948,1263
p2,linear_svm,4,26295,8765,not_cyberbullying,0.6416040100250626,0.6080760095011877,0.624390243902439,1263
p2,linear_svm,1,26295,8765,other_cyberbullying,0.6489283074648928,0.7262200165425972,0.6854020296643247,1209
p2,linear_svm,2,26295,8765,other_cyberbullying,0.6535899333826795,0.7303556658395368,0.68984375,1209
p2,linear_svm,3,26295,8765,other_cyberbullying,0.688550840672538,0.7119205298013245,0.7000407000407001,1208
p2,linear_svm,4,26295,8765,other_cyberbullying,0.6648,0.6879139072847682,0.676159479251424,1208
p2,linear_svm,1,26295,8765,religion,0.9575,0.9598997493734336,0.9586983729662077,1596
p2,linear_svm,2,26295,8765,religion,0.9445137157107232,0.9498432601880877,0.9471709909346671,1595
p2,linear_svm,3,26295,8765,religion,0.9487654320987654,0.9636363636363636,0.9561430793157076,1595
p2,linear_svm,4,26295,8765,religion,0.9392265193370166,0.9592476489028213,0.9491315136476427,1595
p2,logistic_regression,1,26295,8765,age,0.9403166869671132,0.9698492462311558,0.9548546691403834,1592
p2,logistic_regression,2,26295,8765,age,0.9510703363914373,0.9767587939698492,0.9637434149364735,1592
p2,logistic_regression,3,26295,8765,age,0.9604449938195303,0.975517890772128,0.9679227654936157,1593
p2,logistic_regression,4,26295,8765,age,0.9422730006013229,0.9842964824120602,0.9628264208909371,1592
p2,logistic_regression,1,26295,8765,ethnicity,0.9753320683111955,0.9734848484848485,0.9744075829383886,1584
p2,logistic_regression,2,26295,8765,ethnicity,0.9705882352941176,0.9791666666666666,0.9748585795097423,1584
p2,logistic_regression,3,26295,8765,ethnicity,0.9716981132075472,0.9753787878787878,0.9735349716446124,1584
p2,logistic_regression,4,26295,8765,ethnicity,0.9737663960024985,0.9842171717171717,0.9789638932496075,1584
p2,logistic_regression,1,26295,8765,gender,0.919970631424376,0.8232588699080158,0.8689320388349514,1522
p2,logistic_regression,2,26295,8765,gender,0.9225251076040172,0.8449408672798949,0.8820301783264746,1522
p2,logistic_regression,3,26295,8765,gender,0.9142259414225942,0.8613666228646518,0.8870094722598105,1522
p2,logistic_regression,4,26295,8765,gender,0.9195402298850575,0.8404464871963231,0.8782161234991424,1523
p2,logistic_regression,1,26295,8765,not_cyberbullying,0.6762652705061082,0.6141045958795562,0.643687707641196,1262
p2,logistic_regression,2,26295,8765,not_cyberbullying,0.6826241134751773,0.6096595407759303,0.644081974069427,1263
p2,logistic_regression,3,26295,8765,not_cyberbullying,0.6874451273046532,0.6199524940617577,0.6519567027477102,1263
p2,logistic_regression,4,26295,8765,not_cyberbullying,0.6600173460537727,0.6025336500395883,0.6299668874172185,1263
p2,logistic_regression,1,26295,8765,other_cyberbullying,0.6387912860154603,0.7518610421836228,0.6907294832826748,1209
p2,logistic_regression,2,26295,8765,other_cyberbullying,0.646600566572238,0.7551695616211745,0.6966806562380771,1209
p2,logistic_regression,3,26295,8765,other_cyberbullying,0.6666666666666666,0.7549668874172185,0.7080745341614907,1208
p2,logistic_regression,4,26295,8765,other_cyberbullying,0.6458646616541354,0.7110927152317881,0.6769109535066982,1208
p2,logistic_regression,1,26295,8765,religion,0.9503414028553694,0.9592731829573935,0.954786404739632,1596
p2,logistic_regression,2,26295,8765,religion,0.9443053817271589,0.9460815047021943,0.9451926088318197,1595
p2,logistic_regression,3,26295,8765,religion,0.9498762376237624,0.9623824451410659,0.9560884459669885,1595
p2,logistic_regression,4,26295,8765,religion,0.9341943419434194,0.9523510971786834,0.943185346165787,1595
